first_name,last_name,age,nationality
Rebekkah,Loveland,46,Armenia
Gonzalo,Sturzaker,41,France
Jobye,Bachellier,95,Russia
Garvey,Salvador,24,Thailand
Ricki,Vlasyuk,58,Sweden
Noble,Jervis,82,Ukraine
Marcellus,Ficken,40,Mexico
Izzy,Ropkins,83,Philippines
Dennie,Oldroyde,61,Albania
Reggie,Cadding,51,Thailand
Xever,Anniwell,80,China
Brittany,Drummer,60,Costa Rica
Jilly,Stredder,44,China
Nola,Diaper,64,China
Gaynor,Elflain,91,China
Mirabelle,Hanham,20,Colombia
Oralle,Elman,54,China
Bambi,Mcwhinney,73,Moldova
Noell,McMichael,29,Jordan
Nata,Kembry,22,Jordan
Cyrus,Graundisson,97,Czech Republic
Frannie,Webborn,26,China
Manda,Jaycock,78,Indonesia
Monty,McCome,90,China
Audrye,MacDonagh,84,China
Brena,Maguire,78,Argentina
Kipper,Aloshikin,65,Portugal
Al,Fearnley,95,China
Beverlie,Elsie,85,China
Mylo,Dillingston,81,Ukraine
Sly,MacGown,72,Indonesia
Albina,Brettor,47,Afghanistan
Martguerita,Sam,62,Russia
Roma,Sartain,55,Philippines
Flint,Seaborn,58,Saint Kitts and Nevis
Zorine,Howie,62,Brazil
Nikki,Olijve,75,Colombia
Kaila,Gibben,28,Indonesia
Gwenora,Kulver,52,China
Ericha,Staggs,60,China
Gabriell,Thatcher,31,Indonesia
Sonya,Mellers,25,Kazakhstan
Eduard,Cordy,53,North Korea
Cyril,Escala,95,Ukraine
El,Berrie,99,China
Steffi,Cornewell,96,Poland
Ode,Fulford,82,China
Alis,Ziem,66,Russia
Luci,Johanssen,30,Ukraine
Mariam,Stollsteimer,50,Kenya
Oswell,Mitchener,78,Portugal
Geraldine,Swaine,60,China
Neely,Moylan,59,Canada
Paton,Ganforthe,56,Malaysia
Marten,Dorrell,73,China
Glad,Spinnace,70,Philippines
Christophe,Mc Ilory,38,Kyrgyzstan
Julietta,Atwater,79,Canada
Matt,Deamer,61,China
Ester,Zohrer,74,Netherlands
Alasteir,Mathews,63,Thailand
Margy,Figures,34,North Korea
Shandeigh,Barehead,83,Indonesia
Dela,Magrannell,72,Brazil
Minne,Gooley,72,China
Graham,Algie,58,Latvia
Lorilyn,Lassey,37,Portugal
Carry,Castillou,47,Trinidad and Tobago
Tudor,Peres,67,Canada
Tina,Woolsey,92,Togo
Quintus,Pettitt,66,Indonesia
Lana,Watterson,95,Brazil
Zachery,Crinson,31,China
Noelyn,Mcwhinnie,38,France
Vilhelmina,De Freyne,76,Tanzania
Tommi,Towse,36,Peru
Freda,Drever,53,Cameroon
Burg,De La Haye,64,South Africa
Gerri,Coxwell,80,Mexico
Jacinthe,Zappel,95,Mexico
Anitra,Dinesen,25,China
Bekki,Antoszewski,38,China
Malcolm,Dunklee,80,Sweden
Derrick,Cano,96,Indonesia
Vitoria,Pirri,83,Indonesia
Miguel,Mordie,99,Indonesia
Elka,Ledrane,98,Honduras
Cornela,Frigout,83,Russia
Cecil,Willment,46,China
Rinaldo,Vales,63,Brazil
Domenico,Rottgers,71,China
Findley,Faunt,55,Azerbaijan
Allissa,Colly,50,Finland
Malory,Sussems,25,China
Doti,Bartosiak,59,China
Zed,Brimmell,47,China
Viola,Fulks,73,Canada
Orelie,MacMoyer,45,Canada
Renado,Massimi,32,China
Noella,Coyne,80,Russia
Shawn,Maxted,80,Nigeria
Melody,Filpo,42,Indonesia
Sonnie,Chevolleau,48,Brazil
Arty,Stobbs,77,China
Manolo,Summerill,34,Indonesia
Lincoln,Hedgecock,28,Thailand
Torey,Frugier,31,Mexico
Marlin,Tender,92,China
Briana,Bradd,74,China
Daryl,Tong,78,Germany
Kimmie,O'Teague,44,Czech Republic
Ali,Marnes,46,Vietnam
Chariot,Bowcock,25,Ukraine
Laurel,Covet,43,Philippines
Burt,Thomasen,69,Senegal
Tani,Bogey,97,United States
Julienne,Gusticke,75,Colombia
Vidovic,Collibear,89,China
Julian,Archibold,33,Tanzania
Chalmers,Cotmore,39,China
Carver,Foukx,50,Albania
Vance,Derham,37,Czech Republic
Reuven,Thickpenny,28,Indonesia
Stinky,Selbie,63,China
Lorena,Chestnut,33,Indonesia
Lenci,Sline,64,Philippines
Davina,Enevold,46,Trinidad and Tobago
Jeanne,Baruch,26,China
Dick,Bohills,91,Portugal
Jonas,Picardo,35,China
Ricca,Cavy,49,China
Irving,Dallicott,76,China
Lotte,Brownhill,75,Japan
Andres,Aloshechkin,92,Canada
Moreen,Ianne,96,China
Valentin,Measey,96,Uganda
Woody,Petris,43,Colombia
Brody,Haythorn,72,Russia
Daven,Batts,44,Portugal
Lacey,Oggers,19,Philippines
Giovanni,Foyster,20,Indonesia
Fawnia,Wewell,58,France
Oriana,Baigent,36,Croatia
Eddy,Riccardelli,40,Ukraine
Hartwell,Burnside,50,Colombia
Janel,Gregorace,22,Vietnam
Creigh,Abrahamsohn,70,Armenia
Aarika,Betho,24,Ukraine
Amata,Merioth,97,Hungary
Giustino,Minocchi,97,Angola
Ninette,Adamowicz,94,Syria
Betta,Pentony,38,Kenya
Doe,Jikovsky,56,Malaysia
Carri,Scurr,75,Armenia
Yuma,Gomer,20,Brazil
Shaughn,Steel,97,Brazil
Clovis,Angelo,71,China
Marianne,Plose,82,Portugal
Wallie,Valdes,91,China
Leon,Palley,66,Uzbekistan
Piper,Clemerson,95,Indonesia
Abramo,Barney,74,North Korea
Constancy,Mellem,37,China
Auguste,Leads,37,Uganda
Raychel,Goulbourn,36,Poland
Maison,MacElroy,32,Greece
Napoleon,Gibard,27,Estonia
Adolph,Cota,80,China
Rhiamon,Louisot,93,Malaysia
Anetta,Mulvin,58,Russia
Aileen,Swigger,95,Czech Republic
Sampson,Triggle,92,Czech Republic
Uriah,Rimer,46,Portugal
Erie,Ballendine,74,Colombia
Kellina,Gutsell,79,Indonesia
Dosi,Zecchini,56,Ukraine
Richie,Jaggi,83,Philippines
Garold,Blanche,41,Indonesia
Weston,Cromar,50,El Salvador
Daryn,Beagan,84,France
Winne,Braley,31,France
Gayelord,Thalmann,21,Philippines
Wallie,Nazaret,52,France
Meyer,Blackley,35,Peru
Kristofer,Dawe,35,Japan
Ellsworth,Hattigan,58,Botswana
Aldwin,Leimster,42,Greece
Susana,Sorley,91,China
Kip,Moat,47,Pakistan
Howard,Cully,91,Brazil
Florian,Sickamore,77,Indonesia
Hortensia,Jerrard,62,Russia
Theodosia,Haxby,67,Ukraine
Jerrilee,Lilion,90,Cameroon
Savina,Chark,99,Portugal
Cord,Loddon,99,Iceland
Hillie,Mensler,83,Czech Republic
Moritz,Caldow,43,Slovenia
Elane,Bullivent,100,Philippines
Hube,Lamburn,57,Kazakhstan
Theodosia,Lannin,72,Sweden
Lukas,Annakin,53,Germany
Palm,Pandya,20,France
Dona,Leachman,98,Indonesia
Haslett,Sutter,77,Brazil
Bonita,Wellstood,60,China
Bernadine,Celli,49,Greece
Hans,Cordeau],61,Philippines
Leah,Ronci,38,Japan
Jacky,Bome,97,China
Mattie,Willett,88,Malaysia
Nerty,Bullick,39,Argentina
Rockwell,Coffin,37,Bangladesh
Zea,Adanez,83,South Korea
Gus,Hawford,25,Philippines
Jonas,Stanion,88,Malta
Adolpho,Grout,43,Colombia
Angie,Jore,32,Maldives
Barton,Wragg,53,Ukraine
Eadmund,Roth,41,Ukraine
Evyn,Hayller,96,Philippines
Beulah,Wafer,39,United States
Ario,Yerrell,57,China
Carolus,Wimms,64,Lithuania
Tobe,Tricker,72,Portugal
Alfonse,Sneezum,33,Indonesia
Hattie,Pesak,20,Peru
Maxi,Sabathier,45,Belarus
Hans,Thebeaud,76,Croatia
Ondrea,Rockhall,36,Libya
Glenn,Kyneton,75,Thailand
Renado,Featherbie,46,Iran
Isidro,Summerell,37,Nigeria
Arluene,Mandel,23,Russia
Allyn,Sharland,25,Indonesia
Elsi,Krale,21,China
Micheal,Furze,100,China
Kaycee,Ambler,29,Sweden
Rosabella,Elsom,74,China
Iseabal,Redier,90,Indonesia
Sharia,Sabey,40,Philippines
Damien,Beckinsall,35,China
Jojo,Ings,99,France
Wayne,Branchett,18,Norway
Susanetta,Calender,74,Armenia
Fannie,Atkirk,88,Poland
Reena,Gritskov,27,Russia
Jammal,Reany,76,Brazil
Etty,Leadbeatter,93,Brazil
Joann,Nizet,37,Syria
Chevalier,Goldwater,85,United States
Brooks,Summerskill,51,Brazil
Perice,Seater,95,Mali
Alyda,Martinie,82,Colombia
Vonni,Toquet,41,Indonesia
Constanta,Foston,29,Sweden
Erin,Devenny,94,Russia
Saundra,Locket,97,Indonesia
Benjie,Jordin,74,Indonesia
Chiquita,Rossi,23,Malawi
Davita,Limprecht,19,Indonesia
Nathanil,Babbe,69,Greece
Lyndsey,Burgon,89,Mongolia
Christophorus,Oughton,88,Slovenia
Irwinn,Semeniuk,19,Afghanistan
Carly,Eicheler,92,Japan
Andreana,Burhill,19,Armenia
Jany,Horsewood,99,Czech Republic
Ronni,Caren,70,Sweden
Jamil,Pember,30,Bosnia and Herzegovina
Denna,Cohn,66,United States
Tabby,Schneidar,70,China
Bethina,Thickin,83,France
Matthiew,Van Niekerk,96,Russia
Sandy,Sales,73,Ethiopia
Philomena,Gitthouse,92,Panama
Denis,Pasfield,26,Armenia
Robinetta,Blaisdell,93,Serbia
Gaelan,Peyes,30,Russia
Chaim,Bocken,46,Russia
Marietta,Hick,81,Indonesia
Gordy,Lehrer,31,Portugal
Bernardine,Pitcher,27,France
Bobbette,Mostin,24,Czech Republic
Conchita,Singleton,77,Indonesia
Abie,Seydlitz,38,Indonesia
Phil,Fiennes,27,China
Mariele,Gaynsford,45,Sierra Leone
Claresta,Upson,79,Sweden
Dominica,Viste,89,United States
Lula,Kolin,29,China
Tadeo,Brierton,47,Mongolia
Avivah,Latan,83,Indonesia
Latrena,Tewes,79,Peru
Howie,Wiltshier,23,China
Obie,Randals,92,Brazil
Polly,Haycraft,52,Russia
Trudie,Pooke,80,Cameroon
Anni,Benezet,77,China
Manuel,Bouts,81,United States
Andee,Frick,62,Venezuela
Judah,Florence,41,China
Pansie,Schimann,55,Uzbekistan
Barnebas,Rolfo,49,Poland
Dane,Silverwood,18,China
Philis,Krzysztof,83,China
Caye,Klammt,95,Poland
Almira,Folbigg,29,South Africa
Issiah,Janeczek,90,China
Almire,Baylis,47,Russia
Josselyn,Bentham3,19,Kyrgyzstan
Lucio,Tafani,53,China
Anallise,Barhem,83,South Korea
Nevins,Crummie,92,Indonesia
Zacharia,Myrkus,55,United Kingdom
Malvin,Kesterton,27,Pakistan
Mano,D'Cruze,35,China
Joellyn,Dabnot,47,China
Uriah,Albasini,97,Mexico
Jacquette,Angus,92,Honduras
Bride,Izatt,18,Armenia
Hunter,Thornham,55,China
Zorah,Fawcus,74,Peru
Borden,Farnon,27,Canada
Duane,Hauger,76,China
Anica,Farlane,91,Portugal
Karoly,Idwal Evans,99,Indonesia
Corene,Parkyn,75,China
Chevalier,Ajam,90,Philippines
Adey,Lyvon,35,Poland
Lauraine,Regnard,21,South Africa
Pier,Moralas,27,Indonesia
Amandi,Radwell,79,North Korea
Gwenora,Showering,24,China
Washington,Scafe,88,Brazil
Garreth,Adcocks,66,Lithuania
Yank,Dincke,46,China
Matias,Dumbare,76,Colombia
Bea,Stuffins,52,Indonesia
Lindy,Alvey,31,Philippines
Spence,Louisot,88,Sweden
Lebbie,Fullerd,22,Japan
Carrol,LaBastida,87,Macedonia
Petronia,Ormistone,81,Mexico
Bernie,Bache,30,South Korea
Prentice,Geake,51,Lithuania
Moria,Marshfield,63,Latvia
Lorenzo,Lorden,25,Portugal
Chevy,Girardy,88,Brazil
Addy,Salsberg,32,Uruguay
Andi,Vawton,93,China
Haven,Bazely,96,Uganda
Demetri,Cantle,62,China
Jannel,Howler,78,Sierra Leone
Jerrilee,Race,28,China
Allis,Siflet,45,Philippines
Hanny,Ivachyov,25,France
Maurine,Sayles,42,United States
Julio,Zealander,38,Afghanistan
Currie,Dallison,97,Portugal
Jeniece,Le Brom,25,Brazil
Ddene,Farndon,40,Poland
Germana,Rulf,74,Indonesia
Sheba,Facer,97,Colombia
Care,Quillinane,63,China
Teddy,Boat,84,El Salvador
Jourdan,Hilliam,64,Canada
Pennie,Ruttgers,82,Belarus
Trixi,Buntin,34,Iran
Andra,Lorman,65,Indonesia
Luisa,Rennocks,49,Russia
Crystie,Oppie,76,United States
Kippar,Yakovliv,45,Philippines
Meggi,Hatherley,83,China
Zerk,Espinay,69,Norway
Adelaide,Dingate,20,Ivory Coast
Harwilll,Goulbourn,40,Brazil
Claretta,Ghiron,40,China
Nolie,Hrynczyk,19,United States
Salem,Robbie,29,Honduras
Stanislas,Fold,40,China
Bobbi,Narrie,30,Indonesia
Ev,Leijs,75,China
Freedman,Letrange,37,Panama
Lenci,Guion,76,Sweden
Stefanie,D'Aubney,74,Jamaica
Pail,Brettle,80,Brazil
Paulie,Sprigings,37,Chile
Bail,Korneichik,48,Brazil
Levy,Prose,86,Philippines
Leanora,Voisey,26,Kuwait
Saunders,Jachimiak,64,Portugal
Jaine,Standell,99,Ecuador
Kate,Linfoot,38,Portugal
Carry,Whatson,79,Czech Republic
Cornelia,Monson,57,Ukraine
Corey,Featherstone,36,Morocco
Rochelle,Chantree,36,Argentina
Trace,Mc Combe,63,Paraguay
Ninnetta,MacCoveney,60,Greece
Zena,Cheley,95,Albania
Egbert,Currall,61,Lithuania
Ernest,Bigadike,45,China
Micki,Mouget,59,Poland
Aviva,Aleksankov,33,Russia
Flora,Foord,97,Portugal
Peg,MacClancey,57,Albania
Cesare,Vitet,57,China
Steffane,Allen,78,Colombia
Nicholle,Tunuy,38,Sweden
Nathanil,Placstone,44,Indonesia
Nerita,Follin,91,Argentina
Ram,Barber,43,Greece
Constantina,Ivie,100,Malaysia
Martyn,Kleinlerer,26,Cameroon
Karylin,Reding,29,Niger
Gibby,Cancellor,42,China
Tucker,Peascod,40,Poland
Selie,Muir,37,France
Dael,Arndtsen,43,Philippines
Virge,Messam,37,Brazil
Berke,Knutsen,30,Saudi Arabia
Gordie,Hartright,99,South Korea
Nettle,Winterborne,87,Brazil
Erminie,Buer,53,China
Adelaida,Alred,58,Czech Republic
Sibylle,Ties,36,Indonesia
Maddy,Saiz,26,Indonesia
Gabriele,Sherwood,36,China
Mallory,Dell'Abbate,95,Poland
Astra,Copes,45,Indonesia
Ravi,Ivanchin,31,Mexico
Glendon,Lidell,77,Philippines
Maitilde,Fielder,83,Thailand
Guinna,Byrnes,97,Ireland
Lynnette,McGarva,78,United States
Bessy,Pettyfer,79,China
Dani,Hearse,24,Sweden
Franz,Hawsby,80,China
Calypso,Denmead,89,Ghana
Christyna,Pennini,28,South Africa
Roana,Scholte,84,El Salvador
Nanci,Rontsch,85,Argentina
Tobey,Sibille,68,Poland
Clint,McCarly,57,China
Dominique,Gillford,43,Indonesia
Ashleigh,Garnul,40,Russia
Salmon,Pluck,50,Argentina
Berkeley,Le Huquet,100,Kyrgyzstan
Merry,MacArthur,36,Indonesia
Salome,Dulson,26,Hungary
Joelie,Crighton,99,Canada
Melisse,Philipsson,84,Cameroon
Irma,Hince,41,Portugal
Car,Abramcik,56,Slovenia
Windham,Arnaldy,91,Brazil
Kimbell,Oppie,33,Japan
Archie,Kepe,89,Peru
Albertina,Mattiassi,20,Indonesia
Jesse,Grogona,82,Tajikistan
Rubi,Cobbold,31,China
Kylynn,Agget,65,China
Ameline,Choppen,23,Brazil
Brok,Dorant,66,Thailand
Brantley,Fossitt,99,Poland
Everard,Cuthill,28,Argentina
Gabrielle,Ianetti,27,Philippines
Lorri,Lindstrom,77,China
Berton,McVitie,52,France
Zelma,Yearnes,19,Japan
Ardelia,Hambling,63,Poland
Brigid,Albarez,47,China
Tish,Casely,98,Vietnam
Daloris,Bircher,22,China
Sherilyn,Adamovitch,73,Tajikistan
Darrick,Jozwicki,63,Portugal
Celesta,Odgers,18,Vietnam
Rob,Earry,73,South Korea
Wakefield,Masedon,45,Indonesia
Angel,MacCahee,69,China
Arlena,Corkan,75,Portugal
Jephthah,Beards,79,Russia
Justina,McClymont,97,China
Adrianne,Leming,36,Croatia
Karole,Van T'Hoog,31,Yemen
Richy,Raulstone,26,China
Batsheva,Luddy,25,China
Stephan,Pitrollo,23,Ecuador
Anatole,McNickle,72,Indonesia
Melli,Causby,47,China
Glen,Peye,79,China
Wash,Humbert,62,Japan
De,Macvey,71,Tanzania
Alyda,McTague,18,Canada
Dorena,Theodoris,80,Brazil
Winslow,Coultar,87,Ivory Coast
Elbertine,Casari,20,Vietnam
Holly,Ferreras,92,United States
Joey,Torrecilla,49,France
Alicea,Pugsley,38,Malaysia
Sisely,Feaviour,25,Philippines
Payton,Sparhawk,54,Mexico
Annora,Gillum,94,Indonesia
Bryce,Waddam,72,Nigeria
Virgie,Winkle,48,Indonesia
Ardelia,Yanov,70,Poland
Bibbye,McCrostie,69,Egypt
Kit,Hatton,57,Poland
Emmeline,Van de Castele,88,Indonesia
Vincenz,Legerton,87,South Africa
Waite,Capelen,84,Colombia
Verla,Lankham,67,United States
Say,Tayloe,37,Egypt
Siffre,Pheasey,18,China
Montgomery,Wolverson,51,Indonesia
Tildi,Marquiss,73,China
Zebulen,Stormonth,77,Indonesia
Marielle,Woodage,74,Canada
Edouard,Bruniges,54,Pakistan
Theresita,Schmuhl,82,Palestinian Territory
Susana,Sherrett,64,Costa Rica
Daniela,Heineken,62,Pakistan
Job,Gallamore,66,Indonesia
Calvin,Imesson,84,United States
Hephzibah,Barck,30,Russia
Winfred,Larraway,35,China
Kiel,Feast,99,China
Gabi,Dupey,87,Russia
Erica,Rowley,47,China
Cyrille,Loughead,36,Ukraine
Rudd,Rentz,67,Mongolia
Orella,Birchill,22,Ukraine
Alfredo,Daniel,20,Philippines
Carena,Thomassen,60,United States
Belinda,Casotti,57,China
Grady,Hartigan,81,Vietnam
Jehu,Korous,29,Russia
Nessi,Darrigoe,47,China
Hyacinthie,Kerslake,61,Portugal
Trever,Vallentine,51,Madagascar
Ruprecht,Elner,18,Philippines
Sallie,Penkethman,51,China
Blithe,Drewry,62,Philippines
Maryann,Gillie,95,Sweden
Marget,Rizzo,93,Argentina
Geri,Chaim,41,Albania
Evelyn,Carriage,95,China
Cordie,Duran,43,Mexico
Janaya,Robberecht,43,Russia
Amil,Bazoche,81,China
Arthur,Quigg,71,Norway
Brigham,Cops,40,Micronesia
Steffie,Godspeede,79,Poland
Matthieu,Lowthian,22,Egypt
Konstantine,Tezure,52,Indonesia
Gayel,Lies,64,China
Alvan,Khilkov,74,Bolivia
Frasco,Drysdell,59,China
Rebeka,Mallabar,54,Indonesia
Susi,Watkin,52,Spain
Elnore,Perelli,36,China
Cecilio,Hurling,32,Poland
Brear,Bambrugh,90,Poland
Collen,Wolfarth,91,China
Brady,Chappelle,58,China
Collen,Barke,88,Indonesia
Heindrick,Overstall,73,China
Petr,Coryndon,21,Brazil
Maryanna,Ramsbottom,99,Sweden
Ofella,Landrieu,71,China
Phaedra,Lemmens,60,Indonesia
Marna,Cotterrill,25,Serbia
Chen,Feirn,37,Indonesia
Elizabeth,Couling,30,Uruguay
Hope,Flann,65,Brazil
Izabel,Vallentin,38,Egypt
Richardo,Esplin,82,Poland
Kenny,Southwell,53,China
Shannon,Figge,88,Vietnam
Avictor,MacCathay,58,Russia
Corissa,Croy,61,China
Hugh,Skala,29,Greece
Grady,Simoncini,71,Portugal
Hobart,Lempke,53,Russia
Barnaby,Peterffy,80,Brazil
Aluino,Byrch,67,China
Even,Akerman,30,Panama
Yorgo,Emps,94,Indonesia
Hamish,Halton,47,Egypt
Evelina,Bezemer,64,Indonesia
Mallissa,Triswell,54,Germany
Delbert,Deacon,76,Netherlands
Gherardo,Moens,31,Philippines
Stefa,Rikkard,24,Indonesia
Abey,Thiolier,57,Indonesia
Caria,Smithers,55,Japan
Delcina,Breckwell,38,Sweden
Di,Syplus,47,France
Lynnell,Abrahart,38,China
Sophia,Pursglove,68,Portugal
Ange,Braddock,70,Portugal
Ronny,Abramson,68,Philippines
Randell,Gobel,73,Tonga
Constantino,Coggin,67,Ukraine
Adora,Sincock,84,Czech Republic
Marie-jeanne,Creamer,20,Bolivia
Letisha,Crinion,79,Indonesia
Josh,Kempe,98,Finland
Sax,Brocking,43,China
Blanch,Sanderson,24,Palau
Sibby,Warren,70,Bangladesh
Halimeda,Stollenbecker,59,Japan
Paige,Skyppe,48,Philippines
Devinne,Colliar,55,South Korea
Hildegaard,Allinson,42,Canada
Fanchette,McIlhagga,51,Uzbekistan
Davey,Ioselev,74,Argentina
Mariette,Lyngsted,85,Russia
Brear,Bunnell,22,Ecuador
Francoise,Kruschev,36,Russia
Corry,Jarmyn,56,South Africa
Ingeborg,Linck,31,China
Davidson,Storks,79,China
Nanon,Pennoni,98,Nigeria
Cooper,Kilcullen,64,Guatemala
Domini,Raubenheimer,72,France
Malva,Jina,88,Cameroon
Consalve,Ferris,22,Peru
Alexio,Ansteys,92,China
Bambie,Grigolon,46,Croatia
Terrijo,Montilla,70,Indonesia
Lamar,Andrioletti,92,Iran
Wilek,Smalcombe,62,Philippines
Levon,Manolov,22,Portugal
Gerrie,Burgan,46,Bhutan
Rania,Colleer,64,Greece
Frederico,Colpus,59,Russia
Kathleen,Jelfs,87,Colombia
Ansel,Orteaux,65,Czech Republic
Dorella,Casado,100,Brazil
Chlo,Pruckner,100,United States
Babara,Maddie,56,China
Michaela,Hacksby,71,Nigeria
Arlana,McMeyler,83,China
Ferris,Hierro,93,Guatemala
Giffie,Tart,97,China
Cecilla,Tappin,70,Ecuador
Sheeree,McGlashan,74,Thailand
Lelia,Pochet,28,Norway
Taddeo,Platfoot,60,Argentina
Rene,Briand,55,Colombia
Belvia,Harken,29,Ukraine
Jimmy,O' Quirk,65,Peru
Freddie,Lethibridge,99,Honduras
Alidia,Scade,20,Ethiopia
Herb,Pulster,98,Egypt
Cathleen,Sarjent,55,Portugal
Enoch,Heddy,60,China
Valenka,Sullens,100,Canada
Rickie,Sigert,70,Indonesia
Alexis,Glamart,83,Indonesia
Carver,Reyna,74,Brazil
Edita,Ellen,69,Iraq
Candie,Tarbin,69,Indonesia
Gwen,Tourne,66,Kenya
Alric,Shitliffe,62,France
Simon,Wegner,44,Philippines
Carry,Storrie,45,China
Courtnay,Keene,94,France
Giselbert,Gilchrist,56,Indonesia
Niki,Marklund,69,Poland
Ellsworth,Maxwale,63,Indonesia
Warde,Rontsch,29,Argentina
Charmion,Mullineux,26,Poland
Gladi,Guitel,81,Russia
Keith,Stedell,69,Czech Republic
Marcos,Weiss,47,Austria
Andreas,Lorroway,33,Indonesia
Ronda,Vasey,30,Indonesia
Corey,Kalf,93,Czech Republic
Laurie,Paoletti,99,Belarus
Sayre,Byatt,21,Albania
Jacklyn,Doerffer,35,Pakistan
Sidnee,Dutteridge,33,China
Daveen,Sugge,81,Philippines
Hillary,Boyall,96,Kenya
Roxie,Genny,18,Portugal
Brier,Grumley,32,Russia
Marie,Ayliffe,23,China
Zilvia,Yapp,49,Poland
Teresina,Paaso,52,Sweden
Shae,Breckenridge,99,Nigeria
Nettle,Sellstrom,60,China
Ines,Iacopini,23,Japan
Ron,O' Hogan,73,Portugal
Adolphus,Quadri,91,China
Lutero,Glanfield,82,Spain
Quinton,Berkery,54,United States
Vin,Yankishin,89,Philippines
Wendie,Spieght,99,Indonesia
Dorri,Lideard,47,Czech Republic
Rey,Sheringham,59,Ecuador
Adah,Pateman,45,Philippines
Eddie,Clinch,39,Japan
Marta,Hayhurst,60,New Zealand
Dierdre,McGillacoell,100,Kenya
Thurston,Edgeson,63,Portugal
Frances,Rival,66,Indonesia
Antone,Whitefoot,73,Belarus
Morlee,Farrall,35,Canada
Karalynn,Casson,45,Macedonia
Hinda,Backshaw,21,Philippines
Eudora,Elliss,53,China
Charlot,Jarmain,23,China
Norean,Manicom,44,Philippines
Maximilianus,McComish,83,Cyprus
Ruthie,Kittman,83,United Kingdom
Amara,Saint,41,Iran
Merilyn,MacCrossan,54,China
Welby,Hugonet,48,Russia
Charla,Doy,28,Russia
Christophe,Taye,27,Zimbabwe
Dur,Hardi,83,China
Dimitry,Sheerin,56,Spain
Kare,Shearmur,44,Philippines
Dione,Vorley,100,Chile
Alexis,Bence,93,France
Cesar,Torrijos,86,China
Murvyn,Faltskog,21,Kazakhstan
Ogdon,Stiant,65,China
Noll,Lummasana,68,Portugal
Aigneis,Renon,57,Greece
Tammy,Ropking,21,Mexico
Antonie,Quayle,46,China
Lucila,Ondrus,35,China
Sheba,Hawney,99,Norway
Alfred,Gilby,79,France
Humphrey,Rouch,94,Philippines
Nyssa,Willford,38,Israel
Drusi,Giannini,71,Libya
Gualterio,Moquin,40,Iran
Saxe,Shutler,70,Poland
Isadora,Gumme,74,Indonesia
Cati,Fearon,60,Belarus
Dolli,Kobelt,41,Ukraine
Tamara,Surcomb,70,Ethiopia
Broderic,Jessopp,55,China
Rina,Cudiff,28,Russia
Guilbert,Klimpke,68,Latvia
Farrah,Pagden,95,Palestinian Territory
Sada,Iacivelli,22,Russia
Penelopa,Barnardo,20,Serbia
Huey,Santacrole,97,China
Felic,Jenkyn,40,Slovenia
Benyamin,Cozby,64,China
Wilhelm,Dewhirst,79,Indonesia
Yvonne,Kaines,64,China
Noemi,Everist,47,Poland
Mercedes,Sowrey,80,Mexico
Stillmann,Ferran,32,Indonesia
Iormina,Copestake,94,Poland
Thorny,Robecon,28,Ukraine
Ulrich,Brotherwood,96,Canada
Corrinne,McLay,28,China
Rafaellle,Clyne,74,Philippines
Giana,Newbury,80,Japan
Felic,Pottberry,27,Brazil
Kurt,Ethridge,48,Thailand
Bernadine,Mashal,32,Bosnia and Herzegovina
Candy,Onians,58,Philippines
Sandi,Chattelaine,82,Argentina
Layton,Phant,91,Portugal
Jasun,Jessopp,47,North Korea
Margarette,Kittoe,86,United States
Sarita,Oakly,23,Argentina
Vickie,Bunner,34,China
Rhodie,Mundall,76,Argentina
Benjamen,Meads,88,Bangladesh
Benedick,Bagniuk,44,Poland
Manny,Leaney,24,China
Eleanora,Rabley,47,Sweden
Dino,Castree,79,China
Candice,Kennicott,38,Libya
Irene,Horning,46,Philippines
Zorah,Burl,96,Bolivia
Dulcia,Crossingham,18,Sweden
Karney,Gudde,57,Argentina
Natalina,Capron,78,Zimbabwe
Wilhelm,Hover,40,Indonesia
Normand,Molden,38,Thailand
Osborne,Jerrems,35,Argentina
Brett,Caudrey,52,China
Reuben,Gallaher,84,Russia
Tabor,Woodroffe,96,Denmark
Kirby,Wethers,30,Syria
Elianore,Tutt,42,Philippines
Andra,Gairdner,48,Bosnia and Herzegovina
Waylon,Fradgley,18,Philippines
Timofei,Barks,74,Iran
Heddie,Toke,82,China
Dov,Erickson,82,China
Lucien,Palfree,100,Dominican Republic
Arv,de Guerre,91,China
Nathanil,Dunstone,58,Peru
Curtis,Juares,83,Indonesia
Town,Salvadore,89,Thailand
Stefa,Poxson,51,China
Merrel,Muckloe,93,Nicaragua
Julianna,Crix,39,Azerbaijan
Shalom,Epp,40,Spain
Rafaellle,Rolfo,25,Turkmenistan
Lon,Denne,54,Portugal
Noellyn,Agney,51,Kosovo
Deirdre,Mohun,31,Mexico
Vivian,Grimsditch,94,Paraguay
Jeannette,Cruikshank,28,Yemen
Lorelei,Dadley,27,Palestinian Territory
Dru,Tillerton,56,Hungary
Efrem,Imlach,94,Bosnia and Herzegovina
Delainey,McNulty,90,Mexico
Leslie,Tweedlie,18,Chile
Spense,Garz,72,China
Hyacintha,Gration,24,Brazil
Keeley,Bythell,46,Indonesia
Elayne,Rookesby,52,Sweden
Dael,McQuorkell,34,China
Esta,Coger,58,Bosnia and Herzegovina
Grant,Cawcutt,95,Indonesia
Abdel,Wilcher,85,Mauritius
Kelby,Mapstone,22,Peru
Agatha,MacCracken,32,Indonesia
Georgi,Treen,29,Cyprus
Vasili,Ashworth,18,Brazil
Jenifer,Meriguet,73,China
Mathe,Kingscott,62,Albania
Kari,Tomkinson,18,China
Morganica,Rashleigh,21,Russia
Coraline,Mucklo,43,Portugal
Desi,Wootton,68,Portugal
Winnie,Tadd,27,Russia
Ree,Skea,91,Indonesia
Celie,Cuolahan,38,Malta
Jethro,Didball,95,Kazakhstan
Quentin,Kliche,33,China
Aylmer,Mabon,75,Poland
Kamilah,Barfitt,78,Japan
Vivi,Forson,45,Brazil
Eran,Andryushin,59,Mauritius
Dicky,Leverage,85,South Korea
Eolande,Carayol,31,Portugal
Hazlett,Ricardin,65,Sweden
Rickert,Dik,63,Indonesia
Laurel,Freezor,37,China
Celinka,Billett,46,Indonesia
Bernadette,Rushby,47,Indonesia
Branden,McGrouther,49,Indonesia
Lonnard,O'Tierney,22,France
Leonanie,Beekmann,24,Czech Republic
Fancy,Sussams,80,France
Leopold,Ballin,24,Canada
Pierre,Havill,90,Sierra Leone
Alexandros,Garmons,59,Serbia
Emmi,Klus,94,Poland
Perice,Orrett,98,Mexico
Alexa,Athowe,35,Bahamas
Luisa,Howell,97,Brazil
Tammie,Dyne,83,Russia
Rosanne,Spieght,57,Russia
Alexis,Denziloe,28,Pakistan
Elfie,Busher,87,China
Billi,Klyn,71,Japan
Marshall,Balam,57,China
Stan,Gabala,92,China
Salim,Baroch,35,Mexico
Eunice,Stockall,79,Peru
Lawton,Aishford,73,Ukraine
Swen,Bettison,74,China
Gladys,Coushe,86,Indonesia
Georgina,Jozaitis,29,Mexico
Valle,Blanshard,35,Colombia
Guthrie,Asplen,35,Afghanistan
Penelope,Halloway,18,China
Gavin,Winspur,46,China
Jeremy,Pagen,50,Philippines
Harry,Cowope,26,Brazil
Nero,Paynes,74,Uganda
Denice,Spritt,25,Japan
Eugenio,Rimmington,26,Finland
Jacob,Dauber,21,Syria
Bryn,Egleton,18,Russia
Linnet,Turney,36,Croatia
Paton,Bredee,26,France
Madelin,Mulvagh,96,Tanzania
Inga,Crebbin,96,China
Gordon,Rathborne,42,Indonesia
Bethanne,Mountain,29,China
Woodman,Overal,69,France
Daune,Bricknall,32,Philippines
Diarmid,Axtell,45,Thailand
Wilmer,Tonge,62,Indonesia
Mattheus,Gilliland,91,Brazil
Hollie,Tome,99,China
Garland,Gadie,29,Poland
Marjorie,Ferraron,76,Indonesia
Cacilie,McRuvie,49,Sweden
Jacklyn,Tortoishell,33,Bosnia and Herzegovina
Debera,Ibberson,53,Philippines
Ivan,Daborne,57,Canada
Dari,Forshaw,74,Indonesia
Farlay,Fairbrace,43,China
Thorin,McMoyer,52,Mexico
Nevins,Millership,33,China
Emelen,Lindro,45,Somalia
Gregorius,Surphliss,55,Peru
Brice,Whelan,59,United States
Berkly,Sprade,27,China
Julienne,Brodeau,64,Indonesia
Tobin,Rechert,92,Nigeria
Francois,Tremelling,72,Vietnam
Joli,Thomson,90,Japan
Forrester,Pawelczyk,61,Nepal
Elke,Rominov,31,Nigeria
Kaitlin,Digan,39,China
Issy,Gilbard,87,Indonesia
Moishe,Norree,64,China
Isabel,Cofax,91,Philippines
Jerad,Mendus,25,Russia
Marjie,Galland,46,Myanmar
Kelsi,Nobriga,25,China
Chevy,Kleinerman,74,Indonesia
Virgie,Feather,58,Sweden
Celestina,Ranby,34,Denmark
Tanner,Dawney,43,Philippines
Lora,Kearle,37,Tanzania
Cordelia,Raccio,22,Czech Republic
Chrissy,Kick,69,Hungary
Floyd,Forrest,49,Republic of the Congo
Alfie,Findley,31,Russia
Izzy,Kiernan,71,Portugal
Nolly,Tropman,19,Portugal
Hildagard,Kienl,70,Vietnam
Lucila,Charteris,47,Czech Republic
Shaylah,Hall,42,Russia
Jeannette,McGuire,39,South Korea
Ellary,Luchetti,93,France
Shay,Perroni,20,Egypt
La verne,Cavalier,75,Guam
Erek,Carlill,48,Portugal
Aila,Dyball,18,Indonesia
Harmony,Fraanchyonok,37,China
Sigrid,Edowes,93,Palestinian Territory
Olive,Wingeatt,95,Colombia
Ave,Power,62,China
Linus,Cerro,86,Argentina
Winny,Weller,93,Poland
Marcella,Merrett,82,Sudan
Mattie,Brettelle,79,Philippines
Codi,Langmuir,83,Turkmenistan
Rockwell,Sampson,92,China
Erie,Cansdale,94,Kazakhstan
Patrice,Tern,18,Cambodia
Kiele,Swafford,23,Indonesia
Corney,Thairs,91,Mali
Bettye,Grimsdith,24,Bangladesh
Daffi,Hambrook,18,Ethiopia
Elisabet,Christophe,42,China
Earle,Boddington,60,Sweden
Emmalee,Shawyers,62,Morocco
Brenda,Bellany,69,Pakistan
Gerome,Wynch,91,Russia
Claresta,Hillett,29,China
Bailie,Tomblin,82,China
Skyler,Henzer,48,Zambia
Arnie,Loalday,53,Argentina
Bernita,Zealy,87,Bulgaria
Charlot,Borsay,94,Indonesia
Henrieta,Gotecliffe,76,New Zealand
Oates,Battany,29,China
Margareta,Follitt,91,Iran
Averill,Cunio,43,Sweden
Veronica,Murrie,30,China
Paquito,Thomke,21,Malaysia
Emile,Ayer,41,China
Ambur,Bartholin,72,China
Demetrius,Astell,50,Jordan
Roxine,Van der Hoven,58,Indonesia
Bob,Ashbridge,41,Japan
Margarete,Fairn,44,Russia
Austina,Swanson,89,China
Carmella,Dubois,92,Peru
Bertine,Yakushkev,62,Portugal
Jakie,Earthfield,57,Indonesia
Gwyneth,Ackenson,88,France
Maybelle,Sparham,77,China
Darda,Van Der Straaten,26,China
Hillary,Ecclestone,24,Sweden
Ade,Dog,55,Indonesia
Isabelita,Erat,44,China
Gusti,Fulloway,64,Philippines
Ivette,Hollidge,85,Afghanistan
